SQL> SELECT A
  2  FROM ASIGNATURA
  3  WHERE CAR IN (SELECT CAR FROM AREA WHERE AR LIKE 'A%');

A                                                                               
--------------------------------------------------                              
ALGEBRA                                                                         
ANALISIS COMPLEJO                                                               
ASTRONOMIA                                                                      

SQL> SELECT CAR FROM AREA WHERE AR LIKE 'A%';

       CAR                                                                      
----------                                                                      
         1                                                                      
         2                                                                      
         3                                                                      

SQL> SELECT A
  2  FROM ASIGNATURA
  3  WHERE CAR IN (SELECT CAR FROM AREA WHERE AR LIKE '%A');

A                                                                               
--------------------------------------------------                              
ALGEBRA                                                                         
ASTRONOMIA                                                                      
ENSENANZA DE LA MATEMATICA                                                      
OPTIMIZACION                                                                    
CALCULO                                                                         

SQL> SELECT A
  2  FROM ASIGNATURA
  3  WHERE A LIKE '%DATOS%';

A                                                                               
--------------------------------------------------                              
BASES DE DATOS                                                                  
ALMACENES DE DATOS                                                              
MINERIA DE DATOS                                                                

SQL> SELECT DNI
  2  FROM PROFESOR
  3  WHERE P LIKE '__R%';

       DNI                                                                      
----------                                                                      
      2222                                                                      
      4444                                                                      
      6666                                                                      
      7777                                                                      

SQL> SELECT DNI
  2  FROM PROFESOR
  3  WHERE P LIKE '_____%';

       DNI                                                                      
----------                                                                      
      2222                                                                      
      3333                                                                      
      4444                                                                      
      6666                                                                      
      7777                                                                      
      8888                                                                      
      9999                                                                      
      1010                                                                      
      2020                                                                      
      3030                                                                      

10 rows selected.

SQL> SELECT DNI
  2  FROM PROFESOR
  3  WHERE P LIKE '_____%'
  4  GROUP BY DNI;

       DNI                                                                      
----------                                                                      
      1010                                                                      
      2020                                                                      
      2222                                                                      
      3030                                                                      
      3333                                                                      
      4444                                                                      
      6666                                                                      
      7777                                                                      
      8888                                                                      
      9999                                                                      

10 rows selected.

SQL> SELECT DNI
  2  FROM PROFESOR
  3  WHERE P LIKE '_____'
  4  GROUP BY DNI;

       DNI                                                                      
----------                                                                      
      1010                                                                      
      3333                                                                      
      4444                                                                      
      7777                                                                      

SQL> SELECT DNI FROM PLAN_DOCENTE WHERE FF IS NULL;

       DNI                                                                      
----------                                                                      
      4444                                                                      
      4444                                                                      
      1111                                                                      
      3030                                                                      
      2222                                                                      
      3333                                                                      
      1010                                                                      
      9999                                                                      
      5555                                                                      
      8888                                                                      
      2020                                                                      

       DNI                                                                      
----------                                                                      
      7777                                                                      
      3333                                                                      

13 rows selected.

SQL> SELECT DNI FROM PLAN_DOCENTE WHERE FF IS NULL GROUP BY DNI;

       DNI                                                                      
----------                                                                      
      1010                                                                      
      1111                                                                      
      2020                                                                      
      2222                                                                      
      3030                                                                      
      3333                                                                      
      4444                                                                      
      5555                                                                      
      7777                                                                      
      8888                                                                      
      9999                                                                      

11 rows selected.

SQL> SELECT P
  2  FROM PROFESOR
  3  WHERE DNI IN (SELECT DNI FROM PLAN_DOCENTE WHERE FF IS NULL GROUP BY DNI);

P                                                                               
------------------------------------------------------------                    
DAVID                                                                           
JUAN                                                                            
SOLEDAD                                                                         
CARLOS                                                                          
JOSE MANUEL                                                                     
PEDRO                                                                           
MARIA                                                                           
IVAN                                                                            
MARIO                                                                           
FRANCISCO                                                                       
ANGELA                                                                          

11 rows selected.

SQL> SELECT P
  2  FROM PROFESOR
  3  WHERE DNI IN (SELECT DNI FROM PLAN_DOCENTE WHERE CAS=8);

P                                                                               
------------------------------------------------------------                    
JUAN                                                                            
JOSE MANUEL                                                                     

SQL> SELECT *
  2  FROM PLAN_DOCENTE
  3  ORDER BY FF ASC;

       DNI        CAS        CTA        CPA        CLA FI        FF             
---------- ---------- ---------- ---------- ---------- --------- ---------      
      2222          3        1.5          0        1.5 01-SEP-06 31-AUG-07      
      1010          2        1.5        1.5          3 01-SEP-05 31-AUG-08      
      1010          9          3          0          3 01-SEP-08 31-AUG-09      
      1111          8          3        1.5        1.5 01-SEP-07 31-AUG-09      
      4444          4        1.5          0        1.5 01-SEP-08 31-AUG-10      
      6666         10          3        1.5        1.5 01-SEP-08 31-AUG-11      
      1010          9        1.5          0        1.5 01-SEP-09                
      9999          7          3          3          0 01-SEP-10                
      5555          6          3          3          0 31-MAR-10                
      8888         11          6          0          0 01-SEP-09                
      2020          3        1.5          0        1.5 01-SEP-08                

       DNI        CAS        CTA        CPA        CLA FI        FF             
---------- ---------- ---------- ---------- ---------- --------- ---------      
      7777         12        4.5          3          0 01-SEP-10                
      3333          9        1.5          0        1.5 01-SEP-09                
      2222          4        1.5          0        1.5 01-SEP-09                
      3030          8          0        1.5        1.5 01-SEP-09                
      1111          8          3          0          0 01-SEP-09                
      4444          5          3          0          0 01-SEP-10                
      4444          1          3        1.5        1.5 01-SEP-11                
      3333          2        1.5        1.5          3 01-SEP-08                

19 rows selected.

SQL> SELECT *
  2  FROM PLAN_DOCENTE
  3  ORDER BY FF DESC;

       DNI        CAS        CTA        CPA        CLA FI        FF             
---------- ---------- ---------- ---------- ---------- --------- ---------      
      4444          1          3        1.5        1.5 01-SEP-11                
      3333          2        1.5        1.5          3 01-SEP-08                
      7777         12        4.5          3          0 01-SEP-10                
      2020          3        1.5          0        1.5 01-SEP-08                
      8888         11          6          0          0 01-SEP-09                
      5555          6          3          3          0 31-MAR-10                
      9999          7          3          3          0 01-SEP-10                
      4444          5          3          0          0 01-SEP-10                
      1111          8          3          0          0 01-SEP-09                
      3030          8          0        1.5        1.5 01-SEP-09                
      2222          4        1.5          0        1.5 01-SEP-09                

       DNI        CAS        CTA        CPA        CLA FI        FF             
---------- ---------- ---------- ---------- ---------- --------- ---------      
      3333          9        1.5          0        1.5 01-SEP-09                
      1010          9        1.5          0        1.5 01-SEP-09                
      6666         10          3        1.5        1.5 01-SEP-08 31-AUG-11      
      4444          4        1.5          0        1.5 01-SEP-08 31-AUG-10      
      1010          9          3          0          3 01-SEP-08 31-AUG-09      
      1111          8          3        1.5        1.5 01-SEP-07 31-AUG-09      
      1010          2        1.5        1.5          3 01-SEP-05 31-AUG-08      
      2222          3        1.5          0        1.5 01-SEP-06 31-AUG-07      

19 rows selected.

SQL> SELECT CAS
  2  FROM ASIGNATURA
  3  WHERE A='OPTIMIZACION' AND T='GII';

       CAS                                                                      
----------                                                                      
         8                                                                      

SQL> SELECT DNI
  2  FROM PLAN_DOCENTE
  3  WHERE CAS IN 8;

       DNI                                                                      
----------                                                                      
      1111                                                                      
      1111                                                                      
      3030                                                                      

SQL> SELECT P
  2  FROM PROFESOR
  3  WHERE DNI IN (1111,3030);

P                                                                               
------------------------------------------------------------                    
JUAN                                                                            
JOSE MANUEL                                                                     

SQL> SELECT P
  2  FROM PROFESOR
  3  SELECT P
  4  ;
SELECT P
*
ERROR at line 3:
ORA-00933: SQL command not properly ended 


SQL> SELECT P
  2  FROM PROFESOR
  3  WHERE DNI IN (SELECT DNI FROM PLAN_DOCENTE
  4  WHERE CAS IN (SELECT CAS FROM ASIGNATURA
  5  WHERE A='OPTIMIZACION' AND T='GII'))
  6  ORDER BY P ASC;

P                                                                               
------------------------------------------------------------                    
JOSE MANUEL                                                                     
JUAN                                                                            

SQL> SELECT PRO.P
  2  FROM PROFESOR PRO, AREA, DEPARTAMENTO DPT
  3  WHERE PRO.CAR = AREA.CAR AND AREA.CD = DPT.CD AND DPT.D = 'MATEMATICA FUNDAMENTAL'
  4  ORDER BY PRO.P DESC;

P                                                                               
------------------------------------------------------------                    
IVAN                                                                            

SQL> spool off
